{"stats":{"minecraft:dropped":{"minecraft:quartz_bricks":1,"alexsmobs:raw_catfish":16,"minecraft:writable_book":6,"minecraft:written_book":1},"minecraft:killed":{"alexsmobs:shoebill":1,"alexsmobs:emu":1,"alexsmobs:catfish":1,"alexsmobs:orca":1,"alexsmobs:cockroach":2,"alexsmobs:toucan":2},"minecraft:used":{"decocraft:kitchen_sink_black":3,"minecraft:oak_trapdoor":12,"minecraft:oak_fence":123,"minecraft:quartz_bricks":51,"minecraft:petrified_oak_slab":30,"minecraft:water_bucket":34,"minecraft:light_blue_stained_glass_pane":17,"minecraft:netherite_sword":26,"minecraft:jungle_leaves":108,"minecraft:writable_book":4,"decocraft:microwave":2,"minecraft:spruce_door":5,"minecraft:snow_block":138,"minecraft:armor_stand":4,"minecraft:red_concrete":96,"framedblocks:framed_slab":1,"minecraft:dispenser":5,"minecraft:redstone":52,"minecraft:oak_sign":7,"decocraft:stove":1,"decocraft:dpop_sarsum33_047":26,"minecraft:spruce_planks":58,"decocraft:sconce_2_rose_gold":11,"minecraft:redstone_block":2,"alexsmobs:spawn_egg_cockroach":20,"minecraft:glow_ink_sac":1,"minecraft:white_dye":1,"minecraft:quartz_stairs":69,"decocraft:middle_cabinet_white":9,"decocraft:knife_block":1,"framedblocks:framed_fancy_powered_rail":1,"minecraft:oak_leaves":4,"minecraft:white_wool":42,"minecraft:diamond_block":14,"decocraft:sconce_2_black":10,"minecraft:anvil":2,"minecraft:crafting_table":1,"minecraft:light_blue_concrete":119,"decocraft:christmas_lights_2_white_flipbook.00":29,"decocraft:blender":1,"minecraft:note_block":6,"chipped:glass_1":29,"minecraft:dark_oak_door":29,"minecraft:redstone_torch":22,"minecraft:oak_log":118,"minecraft:sticky_piston":8,"minecraft:glass":69,"minecraft:lever":10,"minecraft:light":48,"minecraft:sea_lantern":27,"minecraft:lava_bucket":1,"minecraft:daylight_detector":4,"minecraft:bookshelf":12,"minecraft:quartz_pillar":19,"minecraft:command_block":5,"minecraft:quartz_slab":243,"minecraft:lantern":5,"minecraft:grass_block":45,"minecraft:stone_button":7,"decocraft:sink_cabinet_white":7,"minecraft:quartz_block":1,"minecraft:tnt_minecart":18,"decocraft:bottom_cabinet_island_white":13,"minecraft:light_blue_bed":1,"decocraft:top_cabinet_corner_outer_white":3,"minecraft:smooth_quartz":358,"decocraft:spain":3,"minecraft:iron_door":21,"minecraft:gravel":29,"minecraft:flowering_azalea_leaves":8,"minecraft:barrel":8,"minecraft:stone_bricks":551,"minecraft:bedrock":2,"decocraft:dish_rack_blw":1,"minecraft:glowstone":10,"minecraft:lime_concrete":11,"minecraft:repeater":2,"minecraft:redstone_lamp":4,"minecraft:cobblestone":31,"minecraft:written_book":15,"minecraft:white_banner":7,"minecraft:black_dye":1,"minecraft:podzol":26,"minecraft:glass_pane":36,"minecraft:gold_block":6,"decocraft:bottom_cabinet_2_birch":2,"minecraft:observer":3,"minecraft:splash_potion":1,"decocraft:fridge_large":1,"decocraft:dishwasher":1},"minecraft:crafted":{"minecraft:leather_leggings":2,"minecraft:leather_chestplate":2},"minecraft:custom":{"minecraft:interact_with_anvil":10,"minecraft:mob_kills":8,"minecraft:interact_with_crafting_table":1,"minecraft:tune_noteblock":23,"minecraft:leave_game":1,"minecraft:time_since_death":54250,"minecraft:time_since_rest":54270,"minecraft:sprint_one_cm":100596,"minecraft:damage_taken":110,"minecraft:walk_one_cm":378852,"minecraft:drop":24,"minecraft:damage_dealt":1585,"minecraft:fly_one_cm":858972,"minecraft:crouch_one_cm":8883,"minecraft:play_time":145658,"minecraft:deaths":2,"minecraft:sneak_time":6540,"minecraft:walk_under_water_one_cm":705,"minecraft:jump":601,"minecraft:walk_on_water_one_cm":12685,"minecraft:total_world_time":145658},"minecraft:picked_up":{"alexsmobs:cosmic_cod":14,"minecraft:iron_door":2,"minecraft:feather":12,"minecraft:chicken":1,"minecraft:anvil":1,"decocraft:uruguay":7,"minecraft:dirt":74,"minecraft:name_tag":1,"alexsmobs:emu_feather":1,"minecraft:netherite_sword":1,"alexsmobs:spawn_egg_catfish":1,"alexsmobs:cockroach_wing_fragment":2,"minecraft:spruce_planks":1,"minecraft:redstone_torch":2,"minecraft:written_book":4,"minecraft:flowering_azalea":1,"minecraft:dark_oak_door":1,"minecraft:diamond_block":1,"minecraft:redstone":1,"alexsmobs:animal_dictionary":1,"minecraft:quartz_bricks":1,"alexsmobs:raw_catfish":48,"framedblocks:framed_stone_button":1,"minecraft:writable_book":1,"minecraft:bone_meal":1,"alexsmobs:maggot":1,"decocraft:spit_pig":1}},"DataVersion":2975}