{"stats":{"minecraft:custom":{"minecraft:jump":148,"minecraft:open_chest":5,"minecraft:time_since_rest":10471,"minecraft:damage_dealt":1004,"minecraft:crouch_one_cm":1058,"minecraft:leave_game":4,"minecraft:play_time":10471,"minecraft:sprint_one_cm":11716,"minecraft:time_since_death":10471,"minecraft:walk_on_water_one_cm":511,"minecraft:walk_one_cm":9740,"minecraft:sneak_time":333,"minecraft:total_world_time":10471,"minecraft:walk_under_water_one_cm":2888,"minecraft:mob_kills":4,"minecraft:fly_one_cm":80748},"minecraft:picked_up":{"minecraft:sand":1,"minecraft:gunpowder":1,"minecraft:spider_eye":2,"minecraft:string":3},"minecraft:killed":{"minecraft:spider":3,"minecraft:creeper":1},"minecraft:used":{"minecraft:sand":3,"minecraft:command_block":1}},"DataVersion":2975}