{"stats":{"minecraft:dropped":{"minecraft:quartz_block":1,"decocraft:pub":1,"minecraft:redstone_torch":1,"minecraft:written_book":2},"minecraft:used":{"minecraft:redstone_torch":8,"framedblocks:framed_stone_button":3,"minecraft:glass":12,"create:track":48,"minecraft:wooden_axe":10,"minecraft:lever":5,"decocraft:pub":1,"minecraft:writable_book":1,"minecraft:activator_rail":9,"chipped:glass_7":8,"minecraft:command_block":3,"framedblocks:framed_slab":3,"minecraft:grass_block":153,"minecraft:powered_rail":20,"minecraft:redstone":12,"chipped:waxed_oxidized_copper_9":6,"minecraft:quartz_block":101,"minecraft:oak_sign":1,"minecraft:tnt_minecart":285,"minecraft:stone":1,"minecraft:redstone_block":6,"minecraft:glow_ink_sac":1,"chipped:deepslate_14":3,"create:railway_casing":22,"minecraft:debug_stick":42,"minecraft:bedrock":1,"minecraft:rail":17,"minecraft:repeater":5,"minecraft:mossy_cobblestone":1,"minecraft:dirt":1,"minecraft:cobblestone":5,"minecraft:written_book":1,"minecraft:minecart":27,"chipped:glass_1":71,"minecraft:observer":3,"minecraft:dark_oak_door":6},"minecraft:custom":{"minecraft:time_since_rest":222102,"minecraft:sprint_one_cm":186594,"minecraft:walk_one_cm":311203,"minecraft:mob_kills":3,"minecraft:drop":5,"minecraft:minecart_one_cm":86765,"minecraft:damage_dealt":1246,"minecraft:fly_one_cm":959844,"minecraft:crouch_one_cm":4083,"minecraft:play_time":222102,"minecraft:bell_ring":11,"minecraft:sneak_time":3460,"minecraft:walk_under_water_one_cm":1385,"minecraft:jump":918,"minecraft:leave_game":6,"minecraft:walk_on_water_one_cm":5542,"minecraft:time_since_death":222102,"minecraft:total_world_time":222102},"minecraft:killed":{"alexsmobs:cockroach":2,"minecraft:iron_golem":1},"minecraft:picked_up":{"minecraft:dark_oak_door":2,"minecraft:leather":2,"minecraft:crimson_door":2,"minecraft:dirt":101,"minecraft:quartz_block":1,"framedblocks:framed_stone_button":1,"minecraft:oak_sign":4,"alexsmobs:cockroach_wing_fragment":1,"minecraft:writable_book":1,"minecraft:iron_ingot":5,"minecraft:redstone_torch":1,"minecraft:written_book":1,"create:framed_glass_door":2,"minecraft:powered_rail":2,"chipped:acacia_door_17":189,"minecraft:rail":2}},"DataVersion":2975}