{"stats":{"minecraft:picked_up":{"minecraft:sand":1},"minecraft:used":{"minecraft:sand":1,"minecraft:command_block":1},"minecraft:custom":{"minecraft:jump":51,"minecraft:open_chest":5,"minecraft:time_since_rest":7972,"minecraft:damage_dealt":324,"minecraft:crouch_one_cm":1058,"minecraft:leave_game":3,"minecraft:play_time":7972,"minecraft:sprint_one_cm":4905,"minecraft:walk_on_water_one_cm":427,"minecraft:time_since_death":7972,"minecraft:walk_one_cm":8021,"minecraft:sneak_time":306,"minecraft:walk_under_water_one_cm":2888,"minecraft:total_world_time":7972,"minecraft:fly_one_cm":57443}},"DataVersion":2975}