{"stats":{"minecraft:dropped":{"alexsmobs:animal_dictionary":1,"chipped:acacia_door_17":10,"alexsmobs:spawn_egg_crimson_mosquito":1,"minecraft:dirt":16,"minecraft:panda_spawn_egg":1,"decocraft:spit_pig":1,"framedblocks:framed_stone_button":1,"minecraft:written_book":1},"minecraft:custom":{"minecraft:mob_kills":55,"minecraft:interact_with_anvil":1,"minecraft:leave_game":5,"minecraft:time_since_death":261834,"minecraft:time_since_rest":261887,"minecraft:sprint_one_cm":181445,"minecraft:walk_one_cm":215927,"minecraft:drop":8,"minecraft:damage_dealt":3820,"minecraft:swim_one_cm":8824,"minecraft:fly_one_cm":2506113,"minecraft:crouch_one_cm":9727,"minecraft:play_time":353946,"minecraft:deaths":2,"minecraft:sneak_time":15903,"minecraft:walk_under_water_one_cm":5827,"minecraft:aviate_one_cm":19039,"minecraft:jump":551,"minecraft:walk_on_water_one_cm":5633,"minecraft:total_world_time":353946,"minecraft:inspect_dispenser":2},"minecraft:used":{"create:wand_of_symmetry":15,"framedblocks:framed_stone_button":1,"chipped:lantern_1":34,"minecraft:oak_fence":110,"decocraft:welcome_mat":2,"minecraft:oak_trapdoor":1,"decocraft:vending_machine":2,"alexsmobs:large_catfish_bucket":3,"decocraft:tv_small":3,"decocraft:diner_table_red":3,"minecraft:water_bucket":156,"chipped:waxed_oxidized_copper_2":14,"minecraft:netherite_sword":73,"minecraft:jungle_leaves":184,"decocraft:barrel_carrots":4,"minecraft:writable_book":2,"minecraft:dirt_path":28,"chipped:glass_5":11,"decocraft:lifeguard_chair_cyan":1,"chipped:glass_7":47,"decocraft:yule_goat":2,"decocraft:lifeguard_chair_red":1,"framedblocks:framed_door":5,"minecraft:redstone":8,"chipped:light_gray_stained_glass_1":5,"minecraft:elytra":1,"minecraft:oak_sign":1,"chipped:red_concrete_5":7,"decocraft:dpop_sarsum33_047":7,"minecraft:spruce_planks":632,"framedblocks:framed_elevated_double_slope_slab":1,"decocraft:wooden_table_1_dw":7,"decocraft:dartboard":3,"framedblocks:framed_double_prism":4,"minecraft:white_dye":1,"framedblocks:framed_flat_double_slope_panel_corner":2,"chipped:deepslate_14":608,"decocraft:keep_out":4,"decocraft:mines":1,"alexsmobs:spawn_egg_bald_eagle":2,"decocraft:cooler":2,"decocraft:bus_stop_sign":1,"decocraft:table_lamp_tall_white":1,"chipped:raw_gold_block_13":8,"minecraft:torch":57,"decocraft:hanging_lamp_1_gold":4,"decocraft:wooden_bathtub":2,"chipped:redstone_block_23":2,"alexsmobs:spawn_egg_warped_mosco":1,"chipped:glass_3":7,"minecraft:dirt":3,"minecraft:rail":9,"minecraft:anvil":1,"framedblocks:framed_mini_cube":5,"decocraft:air_conditioner":2,"decocraft:koinobori_parents":4,"decocraft:monitor_1_black":3,"minecraft:tnt":120,"chipped:andesite_67":70,"decocraft:dirt_side":7,"decocraft:lava_lamp_light_blue":1,"decocraft:cafe_sign":2,"decocraft:argentina":1,"framedblocks:framed_pyramid_slab":11,"chipped:spruce_planks_1":2374,"decocraft:treasure_pile":4,"framedblocks:framed_large_button":2,"chipped:barrel_29":4,"minecraft:deepslate_brick_slab":2,"decocraft:couch_left_leather_black":1,"chipped:glass_1":96,"alexsmobs:spawn_egg_bunfungus":1,"minecraft:spruce_log":47,"minecraft:warped_planks":5,"decocraft:spit_pig":1,"minecraft:deepslate_brick_stairs":5,"minecraft:cyan_stained_glass":83,"decocraft:georgia":10,"decocraft:ingot_pile_gold":7,"decocraft:tall_book_stack_1":3,"minecraft:redstone_torch":17,"minecraft:oak_log":127,"minecraft:wooden_axe":1,"alexsmobs:spawn_egg_fly":4,"decocraft:headstone_1_mossy":5,"minecraft:yellow_dye":2,"decocraft:coat_stand_birch":1,"minecraft:netherite_shovel":21,"decocraft:wooden_office_chair_lw":1,"minecraft:lantern":23,"minecraft:villager_spawn_egg":2,"decocraft:barrel_golden_apple":4,"decocraft:tall_book_stack_messy_1":1,"minecraft:red_wool":40,"minecraft:iron_block":278,"chipped:iron_block_10":8,"minecraft:grass_block":96,"chipped:waxed_oxidized_copper_9":65,"minecraft:quartz_block":29,"minecraft:tnt_minecart":42,"decocraft:diner_table_round_red":3,"framedblocks:framed_panel":23,"chipped:cyan_terracotta_59":16,"chipped:spruce_door_6":4,"decocraft:couch_right_leather_black":3,"decocraft:spain":10,"decocraft:coin_pile_gold":3,"minecraft:yellow_wool":17,"framedblocks:framed_double_slope":3,"minecraft:bedrock":1,"decocraft:tv_old":2,"decocraft:help_us":3,"chipped:glass_2":4,"decocraft:spring_horse_purple":3,"decocraft:fairy_lights_bats":1,"minecraft:cobblestone":9,"minecraft:end_crystal":33,"create:yellow_seat":1,"minecraft:stripped_oak_wood":48,"alexsmobs:spawn_egg_shoebill":3,"minecraft:chain":85,"decocraft:safe":10,"decocraft:lava_lamp_red":2,"decocraft:barrel_green_apple":5,"decocraft:dirt_corner":3,"decocraft:laptop_silver":3,"chipped:iron_block_7":4,"chipped:white_concrete_5":12},"minecraft:killed":{"minecraft:bat":9,"alexsmobs:shoebill":1,"alexsmobs:catfish":2,"alexsmobs:cockroach":42},"minecraft:picked_up":{"framedblocks:framed_door":1,"minecraft:dirt":16,"alexsmobs:cockroach_wing_fragment":21,"minecraft:redstone_torch":3,"minecraft:jungle_sapling":3,"minecraft:glowstone_dust":4,"minecraft:oak_fence":1,"minecraft:cyan_stained_glass":4,"minecraft:crimson_door":2,"chipped:spruce_door_6":1,"minecraft:quartz_block":16,"minecraft:writable_book":2,"chipped:acacia_door_17":10}},"DataVersion":2975}