{"stats":{"minecraft:dropped":{"minecraft:golden_boots":1,"chipped:glass_1":3,"minecraft:golden_helmet":1,"minecraft:diamond_leggings":1,"chipped:deepslate_14":1,"minecraft:elytra":1,"minecraft:diamond_chestplate":2,"minecraft:dispenser":1,"minecraft:spruce_planks":1,"minecraft:diamond_boots":1},"minecraft:killed":{"minecraft:sheep":1,"alexsmobs:cockroach":16,"alexsmobs:hammerhead_shark":1,"alexsmobs:crow":1},"minecraft:custom":{"minecraft:mob_kills":18,"minecraft:leave_game":5,"minecraft:time_since_death":102598,"minecraft:time_since_rest":102646,"minecraft:sprint_one_cm":10270,"minecraft:walk_one_cm":130801,"minecraft:drop":13,"minecraft:minecart_one_cm":29675,"minecraft:damage_dealt":1365,"minecraft:fly_one_cm":1484335,"minecraft:play_time":149536,"minecraft:crouch_one_cm":2546,"minecraft:sneak_time":6122,"minecraft:deaths":2,"minecraft:walk_under_water_one_cm":27129,"minecraft:jump":230,"minecraft:walk_on_water_one_cm":15241,"minecraft:total_world_time":149536,"minecraft:inspect_dispenser":8,"minecraft:fall_one_cm":209},"minecraft:picked_up":{"minecraft:brown_wool":1,"chipped:glass_1":3,"chipped:dark_oak_door_7":1,"minecraft:oak_log":1,"decocraft:pub":1,"minecraft:dirt":24,"chipped:deepslate_14":10,"minecraft:flint_and_steel":1,"minecraft:tnt_minecart":1,"alexsmobs:cockroach_wing_fragment":13,"minecraft:netherite_sword":1,"minecraft:spruce_planks":2,"minecraft:redstone_torch":1,"minecraft:powered_rail":3,"minecraft:tnt":2,"alexsmobs:raw_catfish":4,"minecraft:writable_book":1,"minecraft:glowstone":1,"minecraft:obsidian":1,"minecraft:snowball":16,"minecraft:rail":10},"minecraft:used":{"decocraft:bathtub_clawfoot_rosegold_water":4,"minecraft:oak_fence":315,"decocraft:vending_machine":3,"minecraft:water_bucket":148,"minecraft:netherite_sword":18,"decocraft:sign_live_craft_love":1,"decocraft:treadmill":2,"decocraft:square_sink_gold":2,"minecraft:writable_book":1,"chipped:glass_7":14,"decocraft:multigym":2,"minecraft:flint_and_steel":10,"decocraft:rolling_bin_red":2,"decocraft:piano_white":1,"decocraft:bathroom_counter_right_white":4,"minecraft:redstone":13,"minecraft:dispenser":3,"minecraft:powered_rail":216,"minecraft:spruce_planks":87,"decocraft:anatomical_model":1,"decocraft:diner_counter_edge_gray":2,"decocraft:rectangular_mirror_black":3,"decocraft:armchair_blue":3,"decocraft:diner_table_blue":3,"chipped:deepslate_14":32,"decocraft:sunglass_display":1,"framedblocks:framed_fancy_powered_rail":41,"decocraft:mop":3,"decocraft:the_thing":2,"decocraft:diner_chair_black":4,"decocraft:old_broom":2,"decocraft:cake_birthday_vanilla_flipbook.00":1,"alexsmobs:spawn_egg_catfish":11,"decocraft:decobench":3,"decocraft:dpop_ralnick_117":1,"minecraft:dirt":2,"decocraft:wooden_bathtub":4,"minecraft:rail":199,"decocraft:tron":5,"decocraft:rattan_armchair_gray":1,"minecraft:tnt":271,"decocraft:piano_black":1,"decocraft:dog_house":2,"alexsmobs:spawn_egg_crocodile":45,"decocraft:wall_mixer_gold":3,"chipped:glass_1":23,"decocraft:sink_clutter_cream":2,"decocraft:clothes_rack_3":2,"decocraft:pet_bed":5,"decocraft:children_of_the_corn":2,"decocraft:chandelier_1_gold_flipbook.00":1,"decocraft:pet_carrier":3,"alexsmobs:spawn_egg_hammerhead_shark":5,"decocraft:clothes_rack_5":2,"decocraft:dpop_cottonballer_051":2,"decocraft:easel_canvas":2,"decocraft:dumbell_rack":2,"framedblocks:framed_fancy_rail":18,"decocraft:shower_system_black":2,"minecraft:obsidian":85,"decocraft:dream_catcher":1,"decocraft:georgia":25,"decocraft:washer":4,"alexsmobs:spawn_egg_terrapin":268,"minecraft:redstone_torch":106,"minecraft:oak_log":3,"decocraft:clothes_rack_2":2,"minecraft:glass":138,"decocraft:jacuzzi":1,"decocraft:diner_table_round_cyan":2,"decocraft:clothes_rack_1":1,"minecraft:wooden_axe":12,"minecraft:lever":4,"decocraft:medieval_high_canopy_bed_king_lime":1,"minecraft:activator_rail":3,"decocraft:rolling_bin_yellow":3,"decocraft:wooden_office_chair_dw":1,"decocraft:empire_strikes_back":2,"decocraft:closet_1_oak":3,"alexsmobs:spawn_egg_alligator_snapping_turtle":23,"minecraft:grass_block":121,"minecraft:tnt_minecart":652,"minecraft:quartz_block":108,"chipped:dark_oak_door_7":2,"decocraft:candle_holder_6_gold_flipbook.00":2,"decocraft:alarm_clock_gray":8,"decocraft:fish_tank":3,"decocraft:rolling_bin_blue":3,"decocraft:spain":2,"minecraft:tropical_fish_spawn_egg":24,"minecraft:smooth_quartz":246,"decocraft:baking_table":3,"minecraft:bedrock":1,"decocraft:christmas_tree_1_rbc_flipbook.00":3,"decocraft:vintage_cash_register":1,"decocraft:cat_tree":3,"decocraft:grandfather_clock":2,"decocraft:dryer":2,"decocraft:candle_holder_3_black_flipbook.00":4,"decocraft:gym_bench":4,"minecraft:green_carpet":29,"decocraft:jukebox":1,"minecraft:glowstone":211,"framedblocks:framed_iron_door":2,"minecraft:end_crystal":82,"decocraft:rolling_bin_green":3,"decocraft:diner_table_round_gray":1,"alexsmobs:spawn_egg_giant_squid":3,"decocraft:claw_machine":1,"decocraft:candle_holder_7_silver_flipbook.00":3,"decocraft:ironing_board":4,"decocraft:gumball_machine_tall":2,"minecraft:chest_minecart":5,"decocraft:crayon_box":1,"decocraft:bathroom_counter_left_spruce":5,"decocraft:scratching_post":3,"alexsmobs:animal_dictionary":1,"decocraft:safe":5,"decocraft:popcorn_machine":7,"decocraft:chalkboard":3}},"DataVersion":2975}