{"stats":{"minecraft:dropped":{"alexsmobs:banana_peel":64,"minecraft:minecart":1,"decocraft:uruguay":7,"minecraft:elytra":1,"minecraft:grass_block":1,"minecraft:dirt":16,"minecraft:panda_spawn_egg":1,"decocraft:pub":1,"minecraft:jungle_sapling":1,"minecraft:glass":1,"minecraft:written_book":1},"minecraft:custom":{"minecraft:mob_kills":1,"minecraft:tune_noteblock":7,"minecraft:leave_game":6,"minecraft:time_since_death":263559,"minecraft:time_since_rest":263579,"minecraft:sprint_one_cm":37992,"minecraft:walk_one_cm":533532,"minecraft:drop":32,"minecraft:minecart_one_cm":170665,"minecraft:damage_dealt":108,"minecraft:talked_to_villager":26,"minecraft:fly_one_cm":1892343,"minecraft:crouch_one_cm":9378,"minecraft:play_time":296084,"minecraft:deaths":3,"minecraft:sneak_time":8993,"minecraft:walk_under_water_one_cm":1077,"minecraft:aviate_one_cm":60596,"minecraft:jump":862,"minecraft:walk_on_water_one_cm":4775,"minecraft:total_world_time":296084,"minecraft:inspect_dispenser":6},"minecraft:used":{"minecraft:oak_fence":5,"alexsmobs:spawn_egg_soul_vulture":3,"minecraft:water_bucket":37,"create:schedule":5,"minecraft:jungle_leaves":105,"minecraft:writable_book":3,"alexsmobs:spawn_egg_anteater":1,"minecraft:dirt_path":1,"decocraft:stop_sign":1,"minecraft:snow_block":3,"minecraft:redstone":22,"minecraft:dispenser":9,"minecraft:powered_rail":110,"minecraft:elytra":1,"minecraft:oak_planks":178,"minecraft:oak_sign":4,"alexsmobs:spawn_egg_toucan":3,"minecraft:redstone_block":8,"create:nixie_tube":4,"create:railway_casing":442,"create:analog_lever":1,"create:spout":3,"minecraft:oak_door":1,"create:item_drain":2,"minecraft:bee_spawn_egg":11,"alexsmobs:spawn_egg_orca":1,"create:fluid_tank":13,"create:mechanical_pump":2,"alexsmobs:spawn_egg_warped_mosco":1,"minecraft:dirt":5,"decocraft:spider_and_eggs_2":2,"minecraft:rail":367,"create:track_station":27,"alexsmobs:spawn_egg_mimicube":9,"minecraft:tnt":1,"decocraft:burger_shark":1,"create:cogwheel":2,"decocraft:argentina":5,"minecraft:note_block":1,"create:metal_girder":5,"minecraft:dark_oak_door":1,"minecraft:piston":2,"minecraft:redstone_torch":45,"minecraft:oak_log":117,"minecraft:dark_oak_planks":25,"minecraft:sticky_piston":5,"minecraft:glass":63,"create:track":90,"minecraft:lever":13,"decocraft:pub":1,"create:controls":12,"minecraft:lava_bucket":7,"minecraft:firework_rocket":8,"minecraft:villager_spawn_egg":4,"minecraft:quartz_slab":1,"minecraft:grass_block":6,"minecraft:panda_spawn_egg":17,"minecraft:pig_spawn_egg":9,"minecraft:tnt_minecart":131,"decocraft:coffin_wood_2":1,"minecraft:smooth_quartz":24,"create:creative_motor":2,"decocraft:barricade_5":3,"alexsmobs:spawn_egg_cachalot_whale":3,"create:white_seat":29,"minecraft:bedrock":227,"create:track_signal":7,"minecraft:repeater":1,"minecraft:redstone_lamp":7,"alexsmobs:spawn_egg_emu":1,"alexsmobs:spawn_egg_void_worm":1,"minecraft:crimson_door":4,"decocraft:blood_puddle":2,"minecraft:minecart":43,"create:fluid_pipe":7,"alexsmobs:spawn_egg_crimson_mosquito":4,"create:framed_glass_door":27,"minecraft:repeating_command_block":1,"minecraft:observer":3,"alexsmobs:spawn_egg_cosmic_cod":15},"minecraft:picked_up":{"minecraft:dirt":38,"minecraft:redstone_torch":1,"minecraft:jungle_sapling":1,"minecraft:minecart":1,"minecraft:powered_rail":1,"alexsmobs:banana_peel":227,"create:railway_casing":2,"minecraft:oak_door":2,"minecraft:torch":3,"minecraft:oak_pressure_plate":1,"minecraft:snow_block":1,"minecraft:redstone":1,"chipped:redstone_block_23":1,"alexsmobs:spawn_egg_crimson_mosquito":1,"minecraft:dispenser":1,"alexsmobs:spawn_egg_cachalot_whale":1,"minecraft:lever":1,"minecraft:writable_book":1,"minecraft:panda_spawn_egg":1,"chipped:acacia_door_17":225,"minecraft:rail":6}},"DataVersion":2975}