{"stats":{"minecraft:killed":{"minecraft:wither_skeleton":3,"minecraft:skeleton":1},"minecraft:used":{"minecraft:dirt":2,"minecraft:wither_skeleton_spawn_egg":3},"minecraft:picked_up":{"minecraft:arrow":2,"minecraft:bone":2,"minecraft:coal":2,"minecraft:dirt":2},"minecraft:mined":{"minecraft:grass":2,"minecraft:grass_block":2},"minecraft:custom":{"minecraft:jump":108,"minecraft:time_since_rest":3468,"minecraft:leave_game":1,"minecraft:damage_dealt":800,"minecraft:sprint_one_cm":5681,"minecraft:play_time":3468,"minecraft:time_since_death":3468,"minecraft:walk_one_cm":4913,"minecraft:total_world_time":3468,"minecraft:mob_kills":4,"minecraft:fly_one_cm":18955}},"DataVersion":2975}