{
  "__COMMENT1": "To apply this configuration to all newly generated worlds",
  "__COMMENT2": "please place this configuration file into your config directory",
  "__COMMENT3": "with the following name: cpm-server-default.json",
  "skins": {},
  "player_scaling": {
    "a713c11c-9cc9-359b-abe5-070040553db4": {
      "motion": 1.0,
      "stepHeight": 1.0,
      "flight": 1.0,
      "reach": 1.0,
      "asp": 1.0,
      "akb": 1.0,
      "attack": 1.0,
      "defense": 1.0,
      "health": 1.0,
      "mob_vis": 1.0,
      "kbr": 1.0
    },
    "c8dae9e5-3421-3b9c-a870-839945f1ab0b": {},
    "3ee7ac4e-01b4-3213-9af3-6d505cc1be3c": {},
    "625899f1-ab80-3c5d-b372-8f22f1fe30e5": {},
    "c4b12c0a-a928-370f-8b96-4026f60b964f": {
      "motion": 1.0,
      "stepHeight": 1.0,
      "flight": 1.0,
      "reach": 1.0,
      "asp": 1.0,
      "akb": 1.0,
      "attack": 1.0,
      "defense": 1.0,
      "health": 1.0,
      "mob_vis": 1.0,
      "kbr": 1.0
    },
    "3afa37a5-fc58-3c16-b1a4-b51392abf592": {}
  },
  "player_scaling_settings": {},
  "scaling_settings": {
    "motion": {},
    "mob_visibility": {},
    "defense": {},
    "attack_knockback": {},
    "flight_speed": {},
    "step_height": {},
    "knockback_resist": {},
    "reach": {},
    "health": {},
    "attack_speed": {},
    "attack_dmg": {}
  }
}