{
  "minecraft:recipes/building_blocks/black_stained_glass": {
    "criteria": {
      "has_glass": "2024-06-19 19:41:06 +0000"
    },
    "done": true
  },
  "create:recipes/create.palettes/horizontal_framed_glass_from_glass_colorless_stonecutting": {
    "criteria": {
      "has_glass_colorless": "2024-06-20 15:34:53 +0000"
    },
    "done": true
  },
  "framedblocks:recipes/framed_blocks/framed_cube": {
    "criteria": {
      "hasPlanks": "2024-06-19 19:26:12 +0000"
    },
    "done": true
  },
  "create:track_signal": {
    "criteria": {
      "0": "2024-06-20 17:22:36 +0000"
    },
    "done": true
  },
  "create:recipes/create.palettes/crafting/kinetics/white_seat_from_other_seat": {
    "criteria": {
      "has_seat": "2024-06-20 15:30:38 +0000"
    },
    "done": true
  },
  "create:recipes/create.base/crafting/kinetics/gearbox": {
    "criteria": {
      "has_item": "2024-06-20 17:29:36 +0000"
    },
    "done": true
  },
  "minecraft:recipes/transportation/furnace_minecart": {
    "criteria": {
      "has_minecart": "2024-06-19 18:50:02 +0000"
    },
    "done": true
  },
  "minecraft:recipes/building_blocks/gray_stained_glass": {
    "criteria": {
      "has_glass": "2024-06-19 19:41:06 +0000"
    },
    "done": true
  },
  "minecraft:recipes/brewing/glass_bottle": {
    "criteria": {
      "has_glass": "2024-06-19 19:41:06 +0000"
    },
    "done": true
  },
  "create:recipes/create.palettes/crafting/kinetics/light_blue_seat_from_other_seat": {
    "criteria": {
      "has_seat": "2024-06-20 15:30:38 +0000"
    },
    "done": true
  },
  "minecraft:recipes/decorations/crafting_table": {
    "criteria": {
      "has_planks": "2024-06-19 19:26:12 +0000"
    },
    "done": true
  },
  "minecraft:recipes/redstone/redstone": {
    "criteria": {
      "has_redstone_block": "2024-06-20 13:27:41 +0000"
    },
    "done": true
  },
  "minecraft:recipes/building_blocks/purple_stained_glass": {
    "criteria": {
      "has_glass": "2024-06-19 19:41:06 +0000"
    },
    "done": true
  },
  "create:super_glue": {
    "criteria": {
      "0": "2024-06-20 15:36:27 +0000"
    },
    "done": true
  },
  "minecraft:recipes/building_blocks/dark_oak_slab": {
    "criteria": {
      "has_planks": "2024-06-19 19:26:12 +0000"
    },
    "done": true
  },
  "minecraft:recipes/transportation/hopper_minecart": {
    "criteria": {
      "has_minecart": "2024-06-19 18:50:02 +0000"
    },
    "done": true
  },
  "minecraft:recipes/decorations/chest": {
    "criteria": {
      "has_lots_of_items": "2024-06-19 19:39:45 +0000"
    },
    "done": true
  },
  "minecraft:end/elytra": {
    "criteria": {
      "elytra": "2024-06-19 18:50:32 +0000"
    },
    "done": true
  },
  "minecraft:recipes/building_blocks/white_stained_glass": {
    "criteria": {
      "has_glass": "2024-06-19 19:41:06 +0000"
    },
    "done": true
  },
  "create:recipes/create.palettes/framed_glass_from_glass_colorless_stonecutting": {
    "criteria": {
      "has_glass_colorless": "2024-06-20 15:34:53 +0000"
    },
    "done": true
  },
  "minecraft:recipes/redstone/dark_oak_button": {
    "criteria": {
      "has_planks": "2024-06-19 19:26:12 +0000"
    },
    "done": true
  },
  "minecraft:recipes/building_blocks/blue_stained_glass": {
    "criteria": {
      "has_glass": "2024-06-19 19:41:06 +0000"
    },
    "done": true
  },
  "minecraft:recipes/misc/stick": {
    "criteria": {
      "has_planks": "2024-06-19 19:26:12 +0000"
    },
    "done": true
  },
  "create:recipes/create.palettes/crafting/kinetics/blue_seat_from_other_seat": {
    "criteria": {
      "has_seat": "2024-06-20 15:30:38 +0000"
    },
    "done": true
  },
  "minecraft:recipes/building_blocks/green_stained_glass": {
    "criteria": {
      "has_glass": "2024-06-19 19:41:06 +0000"
    },
    "done": true
  },
  "minecraft:recipes/transportation/spruce_boat": {
    "criteria": {
      "in_water": "2024-06-19 19:05:51 +0000"
    },
    "done": true
  },
  "create:recipes/create.palettes/crafting/kinetics/light_gray_seat_from_other_seat": {
    "criteria": {
      "has_seat": "2024-06-20 15:30:38 +0000"
    },
    "done": true
  },
  "minecraft:recipes/building_blocks/oak_planks": {
    "criteria": {
      "has_logs": "2024-06-19 18:44:06 +0000"
    },
    "done": true
  },
  "minecraft:recipes/building_blocks/smooth_quartz_slab_from_smooth_quartz_stonecutting": {
    "criteria": {
      "has_smooth_quartz": "2024-06-19 18:41:50 +0000"
    },
    "done": true
  },
  "minecraft:recipes/building_blocks/cyan_stained_glass": {
    "criteria": {
      "has_glass": "2024-06-19 19:41:06 +0000"
    },
    "done": true
  },
  "minecraft:recipes/transportation/detector_rail": {
    "criteria": {
      "has_rail": "2024-06-19 19:29:39 +0000"
    },
    "done": true
  },
  "create:recipes/create.palettes/crafting/kinetics/green_seat_from_other_seat": {
    "criteria": {
      "has_seat": "2024-06-20 15:30:38 +0000"
    },
    "done": true
  },
  "minecraft:recipes/redstone/dark_oak_door": {
    "criteria": {
      "has_planks": "2024-06-19 19:26:12 +0000"
    },
    "done": true
  },
  "create:recipes/create.palettes/vertical_framed_glass_from_glass_colorless_stonecutting": {
    "criteria": {
      "has_glass_colorless": "2024-06-20 15:34:53 +0000"
    },
    "done": true
  },
  "create:recipes/create.palettes/crafting/kinetics/magenta_seat_from_other_seat": {
    "criteria": {
      "has_seat": "2024-06-20 15:30:38 +0000"
    },
    "done": true
  },
  "minecraft:recipes/redstone/oak_pressure_plate": {
    "criteria": {
      "has_planks": "2024-06-20 13:19:25 +0000"
    },
    "done": true
  },
  "create:recipes/create.palettes/crafting/kinetics/gray_seat_from_other_seat": {
    "criteria": {
      "has_seat": "2024-06-20 15:30:38 +0000"
    },
    "done": true
  },
  "create:mechanical_pump_0": {
    "criteria": {
      "0": "2024-06-20 17:29:46 +0000"
    },
    "done": true
  },
  "create:recipes/create.palettes/crafting/kinetics/black_seat_from_other_seat": {
    "criteria": {
      "has_seat": "2024-06-20 15:30:38 +0000"
    },
    "done": true
  },
  "create:recipes/create.palettes/crafting/kinetics/purple_seat_from_other_seat": {
    "criteria": {
      "has_seat": "2024-06-20 15:30:38 +0000"
    },
    "done": true
  },
  "minecraft:recipes/redstone/note_block": {
    "criteria": {
      "has_redstone": "2024-06-20 13:47:28 +0000"
    },
    "done": true
  },
  "create:train": {
    "criteria": {
      "0": "2024-06-20 15:38:16 +0000"
    },
    "done": true
  },
  "minecraft:recipes/building_blocks/oak_wood": {
    "criteria": {
      "has_log": "2024-06-19 18:44:06 +0000"
    },
    "done": true
  },
  "alexsmobs:alexsmobs/dimensional_carver": {
    "criteria": {
      "dimensional_carver": "2024-06-19 19:07:45 +0000"
    },
    "done": true
  },
  "minecraft:recipes/building_blocks/smooth_quartz_stairs": {
    "criteria": {
      "has_smooth_quartz": "2024-06-19 18:41:50 +0000"
    },
    "done": true
  },
  "create:track_0": {
    "criteria": {
      "0": "2024-06-20 15:20:50 +0000"
    },
    "done": true
  },
  "chiselsandbits:recipes/chiselsandbits/bit_storage": {
    "criteria": {
      "has_l": "2024-06-19 18:44:06 +0000"
    },
    "done": true
  },
  "minecraft:recipes/redstone/dropper": {
    "criteria": {
      "has_redstone": "2024-06-20 13:47:28 +0000"
    },
    "done": true
  },
  "minecraft:recipes/redstone/dark_oak_trapdoor": {
    "criteria": {
      "has_planks": "2024-06-19 19:26:12 +0000"
    },
    "done": true
  },
  "minecraft:recipes/decorations/oak_sign": {
    "criteria": {
      "has_planks": "2024-06-20 13:19:25 +0000"
    },
    "done": true
  },
  "minecraft:recipes/redstone/oak_trapdoor": {
    "criteria": {
      "has_planks": "2024-06-20 13:19:25 +0000"
    },
    "done": true
  },
  "chiselsandbits:recipes/chiselsandbits/wrench": {
    "criteria": {
      "has_p": "2024-06-19 19:26:12 +0000"
    },
    "done": true
  },
  "minecraft:recipes/redstone/oak_fence_gate": {
    "criteria": {
      "has_planks": "2024-06-20 13:19:25 +0000"
    },
    "done": true
  },
  "create:recipes/create.palettes/crafting/kinetics/orange_seat_from_other_seat": {
    "criteria": {
      "has_seat": "2024-06-20 15:30:38 +0000"
    },
    "done": true
  },
  "minecraft:recipes/building_blocks/yellow_stained_glass": {
    "criteria": {
      "has_glass": "2024-06-19 19:41:06 +0000"
    },
    "done": true
  },
  "minecraft:recipes/redstone/repeater": {
    "criteria": {
      "has_redstone_torch": "2024-06-20 13:19:13 +0000"
    },
    "done": true
  },
  "minecraft:recipes/tools/compass": {
    "criteria": {
      "has_redstone": "2024-06-20 13:47:28 +0000"
    },
    "done": true
  },
  "minecraft:recipes/redstone/oak_button": {
    "criteria": {
      "has_planks": "2024-06-20 13:19:25 +0000"
    },
    "done": true
  },
  "create:recipes/create.palettes/tiled_glass_from_glass_colorless_stonecutting": {
    "criteria": {
      "has_glass_colorless": "2024-06-20 15:34:53 +0000"
    },
    "done": true
  },
  "create:recipes/create.base/crafting/kinetics/track_station": {
    "criteria": {
      "has_item": "2024-06-20 15:23:46 +0000"
    },
    "done": true
  },
  "create:recipes/create.base/crafting/kinetics/track_observer": {
    "criteria": {
      "has_item": "2024-06-20 15:23:46 +0000"
    },
    "done": true
  },
  "create:recipes/create.palettes/crafting/kinetics/cyan_seat_from_other_seat": {
    "criteria": {
      "has_seat": "2024-06-20 15:30:38 +0000"
    },
    "done": true
  },
  "minecraft:recipes/redstone/dark_oak_pressure_plate": {
    "criteria": {
      "has_planks": "2024-06-19 19:26:12 +0000"
    },
    "done": true
  },
  "minecraft:recipes/redstone/target": {
    "criteria": {
      "has_redstone": "2024-06-20 13:47:28 +0000"
    },
    "done": true
  },
  "minecraft:recipes/building_blocks/smooth_quartz_stairs_from_smooth_quartz_stonecutting": {
    "criteria": {
      "has_smooth_quartz": "2024-06-19 18:41:50 +0000"
    },
    "done": true
  },
  "minecraft:recipes/brewing/cauldron": {
    "criteria": {
      "has_water_bucket": "2024-06-19 19:12:02 +0000"
    },
    "done": true
  },
  "minecraft:adventure/adventuring_time": {
    "criteria": {
      "minecraft:plains": "2024-06-19 18:31:02 +0000"
    },
    "done": false
  },
  "minecraft:recipes/transportation/chest_minecart": {
    "criteria": {
      "has_minecart": "2024-06-19 18:50:02 +0000"
    },
    "done": true
  },
  "minecraft:recipes/misc/charcoal": {
    "criteria": {
      "has_log": "2024-06-19 18:44:06 +0000"
    },
    "done": true
  },
  "minecraft:recipes/building_blocks/red_stained_glass": {
    "criteria": {
      "has_glass": "2024-06-19 19:41:06 +0000"
    },
    "done": true
  },
  "minecraft:story/lava_bucket": {
    "criteria": {
      "lava_bucket": "2024-06-19 19:11:52 +0000"
    },
    "done": true
  },
  "chiselsandbits:recipes/chiselsandbits/magnifying_glass": {
    "criteria": {
      "has_g": "2024-06-19 19:41:06 +0000"
    },
    "done": true
  },
  "minecraft:recipes/redstone/redstone_torch": {
    "criteria": {
      "has_redstone": "2024-06-20 13:47:28 +0000"
    },
    "done": true
  },
  "create:recipes/create.palettes/crafting/kinetics/brown_seat_from_other_seat": {
    "criteria": {
      "has_seat": "2024-06-20 15:30:38 +0000"
    },
    "done": true
  },
  "minecraft:recipes/transportation/birch_boat": {
    "criteria": {
      "in_water": "2024-06-19 19:05:51 +0000"
    },
    "done": true
  },
  "create:recipes/create.base/crafting/appliances/schedule_clear": {
    "criteria": {
      "has_item": "2024-06-20 15:25:02 +0000"
    },
    "done": true
  },
  "create:recipes/create.base/crafting/kinetics/controls": {
    "criteria": {
      "has_item": "2024-06-20 15:23:46 +0000"
    },
    "done": true
  },
  "minecraft:recipes/building_blocks/oak_stairs": {
    "criteria": {
      "has_planks": "2024-06-20 13:19:25 +0000"
    },
    "done": true
  },
  "create:recipes/create.base/crafting/kinetics/controller_rail": {
    "criteria": {
      "has_item": "2024-06-20 15:02:38 +0000"
    },
    "done": true
  },
  "minecraft:recipes/decorations/barrel": {
    "criteria": {
      "has_planks": "2024-06-19 19:26:12 +0000"
    },
    "done": true
  },
  "minecraft:recipes/transportation/powered_rail": {
    "criteria": {
      "has_rail": "2024-06-19 19:29:39 +0000"
    },
    "done": true
  },
  "minecraft:recipes/transportation/acacia_boat": {
    "criteria": {
      "in_water": "2024-06-19 19:05:51 +0000"
    },
    "done": true
  },
  "minecraft:recipes/redstone/oak_door": {
    "criteria": {
      "has_planks": "2024-06-20 13:19:25 +0000"
    },
    "done": true
  },
  "minecraft:recipes/building_blocks/smooth_quartz_slab": {
    "criteria": {
      "has_smooth_quartz": "2024-06-19 18:41:50 +0000"
    },
    "done": true
  },
  "minecraft:recipes/building_blocks/orange_stained_glass": {
    "criteria": {
      "has_glass": "2024-06-19 19:41:06 +0000"
    },
    "done": true
  },
  "minecraft:recipes/building_blocks/brown_stained_glass": {
    "criteria": {
      "has_glass": "2024-06-19 19:41:06 +0000"
    },
    "done": true
  },
  "minecraft:adventure/root": {
    "criteria": {
      "killed_something": "2024-06-20 13:48:07 +0000"
    },
    "done": true
  },
  "minecraft:recipes/transportation/jungle_boat": {
    "criteria": {
      "in_water": "2024-06-19 19:05:51 +0000"
    },
    "done": true
  },
  "create:recipes/create.base/crafting/kinetics/track_observer_from_other_plates": {
    "criteria": {
      "has_item": "2024-06-20 15:23:46 +0000"
    },
    "done": true
  },
  "minecraft:recipes/building_blocks/light_gray_stained_glass": {
    "criteria": {
      "has_glass": "2024-06-19 19:41:06 +0000"
    },
    "done": true
  },
  "chiselsandbits:recipes/chiselsandbits/modification_table": {
    "criteria": {
      "has_b": "2024-06-19 18:44:06 +0000"
    },
    "done": true
  },
  "minecraft:recipes/tools/clock": {
    "criteria": {
      "has_redstone": "2024-06-20 13:47:28 +0000"
    },
    "done": true
  },
  "minecraft:recipes/transportation/dark_oak_boat": {
    "criteria": {
      "in_water": "2024-06-19 19:05:51 +0000"
    },
    "done": true
  },
  "minecraft:recipes/transportation/activator_rail": {
    "criteria": {
      "has_rail": "2024-06-19 19:29:39 +0000"
    },
    "done": true
  },
  "minecraft:recipes/building_blocks/dark_oak_stairs": {
    "criteria": {
      "has_planks": "2024-06-19 19:26:12 +0000"
    },
    "done": true
  },
  "alexsmobs:recipes/food/sopa_de_macaco": {
    "criteria": {
      "has_items": "2024-06-19 19:39:44 +0000"
    },
    "done": true
  },
  "minecraft:recipes/redstone/redstone_block": {
    "criteria": {
      "has_redstone": "2024-06-20 13:47:28 +0000"
    },
    "done": true
  },
  "create:recipes/create.palettes/crafting/kinetics/train_trapdoor": {
    "criteria": {
      "has_item": "2024-06-20 15:23:46 +0000"
    },
    "done": true
  },
  "minecraft:recipes/transportation/tnt_minecart": {
    "criteria": {
      "has_minecart": "2024-06-19 18:50:02 +0000"
    },
    "done": true
  },
  "minecraft:recipes/redstone/piston": {
    "criteria": {
      "has_redstone": "2024-06-20 13:47:28 +0000"
    },
    "done": true
  },
  "minecraft:recipes/building_blocks/lime_stained_glass": {
    "criteria": {
      "has_glass": "2024-06-19 19:41:06 +0000"
    },
    "done": true
  },
  "minecraft:recipes/decorations/dark_oak_sign": {
    "criteria": {
      "has_planks": "2024-06-19 19:26:12 +0000"
    },
    "done": true
  },
  "minecraft:recipes/redstone/dark_oak_fence_gate": {
    "criteria": {
      "has_planks": "2024-06-19 19:26:12 +0000"
    },
    "done": true
  },
  "create:recipes/create.palettes/crafting/kinetics/train_door": {
    "criteria": {
      "has_item": "2024-06-20 15:23:46 +0000"
    },
    "done": true
  },
  "minecraft:recipes/transportation/rail": {
    "criteria": {
      "has_minecart": "2024-06-19 18:50:02 +0000"
    },
    "done": true
  },
  "minecraft:recipes/decorations/glass_pane": {
    "criteria": {
      "has_glass": "2024-06-19 19:41:06 +0000"
    },
    "done": true
  },
  "chiselsandbits:recipes/chiselsandbits/chiseled_printer": {
    "criteria": {
      "has_l": "2024-06-19 18:44:06 +0000"
    },
    "done": true
  },
  "create:root": {
    "criteria": {
      "0": "2024-06-20 15:02:38 +0000"
    },
    "done": true
  },
  "create:recipes/create.palettes/crafting/kinetics/yellow_seat_from_other_seat": {
    "criteria": {
      "has_seat": "2024-06-20 15:30:38 +0000"
    },
    "done": true
  },
  "minecraft:recipes/decorations/dark_oak_fence": {
    "criteria": {
      "has_planks": "2024-06-19 19:26:12 +0000"
    },
    "done": true
  },
  "minecraft:recipes/building_blocks/magenta_stained_glass": {
    "criteria": {
      "has_glass": "2024-06-19 19:41:06 +0000"
    },
    "done": true
  },
  "create:recipes/create.palettes/crafting/kinetics/lime_seat_from_other_seat": {
    "criteria": {
      "has_seat": "2024-06-20 15:30:38 +0000"
    },
    "done": true
  },
  "minecraft:recipes/decorations/oak_fence": {
    "criteria": {
      "has_planks": "2024-06-20 13:19:25 +0000"
    },
    "done": true
  },
  "minecraft:recipes/transportation/oak_boat": {
    "criteria": {
      "in_water": "2024-06-19 19:05:51 +0000"
    },
    "done": true
  },
  "create:recipes/create.palettes/crafting/kinetics/red_seat_from_other_seat": {
    "criteria": {
      "has_seat": "2024-06-20 15:30:38 +0000"
    },
    "done": true
  },
  "alexsmobs:alexsmobs/crimson_mosquito": {
    "criteria": {
      "killed_by": "2024-06-20 15:47:16 +0000"
    },
    "done": true
  },
  "minecraft:recipes/building_blocks/light_blue_stained_glass": {
    "criteria": {
      "has_glass": "2024-06-19 19:41:06 +0000"
    },
    "done": true
  },
  "create:recipes/create.palettes/crafting/kinetics/pink_seat_from_other_seat": {
    "criteria": {
      "has_seat": "2024-06-20 15:30:38 +0000"
    },
    "done": true
  },
  "minecraft:recipes/building_blocks/oak_slab": {
    "criteria": {
      "has_planks": "2024-06-20 13:19:25 +0000"
    },
    "done": true
  },
  "minecraft:recipes/building_blocks/pink_stained_glass": {
    "criteria": {
      "has_glass": "2024-06-19 19:41:06 +0000"
    },
    "done": true
  },
  "create:recipes/create.base/crafting/kinetics/track_signal": {
    "criteria": {
      "has_item": "2024-06-20 15:23:46 +0000"
    },
    "done": true
  },
  "DataVersion": 2975
}