{
  "minecraft:recipes/decorations/campfire": {
    "criteria": {
      "has_coal": "2024-06-17 21:10:56 +0000"
    },
    "done": true
  },
  "minecraft:adventure/root": {
    "criteria": {
      "killed_something": "2024-06-17 21:10:42 +0000"
    },
    "done": true
  },
  "minecraft:recipes/building_blocks/coal_block": {
    "criteria": {
      "has_coal": "2024-06-17 21:10:56 +0000"
    },
    "done": true
  },
  "minecraft:adventure/kill_a_mob": {
    "criteria": {
      "minecraft:wither_skeleton": "2024-06-17 21:10:42 +0000"
    },
    "done": true
  },
  "minecraft:adventure/kill_all_mobs": {
    "criteria": {
      "minecraft:skeleton": "2024-06-17 21:11:29 +0000",
      "minecraft:wither_skeleton": "2024-06-17 21:10:42 +0000"
    },
    "done": false
  },
  "minecraft:recipes/misc/bone_meal": {
    "criteria": {
      "has_bone": "2024-06-17 21:10:43 +0000"
    },
    "done": true
  },
  "minecraft:adventure/adventuring_time": {
    "criteria": {
      "minecraft:snowy_plains": "2024-06-17 21:09:22 +0000",
      "minecraft:snowy_beach": "2024-06-17 21:08:41 +0000"
    },
    "done": false
  },
  "DataVersion": 2975
}